worker_id,name
w_b4603a0d-3e7b-4680-b104-ff2d51d31c89,Steven Greek
w_8f2c3d7a-b22a-47ce-9547-64f0960c7bb5,Carl Canty
w_a89f8873-4571-4d1f-8a6f-28f3cde10641,Dennis Hooker
w_7ba3eaa9-e8a5-4d88-87c8-ff830a90cf25,Paul Stacy
w_22559612-90a6-4a7c-8ed9-27d495988b62,Tracy Zenz
w_3003ca3e-6b26-46a7-8a65-f220691c712a,Leroy Sietsma
w_b0408a12-d7ed-4304-9adb-adaf81ed7f98,Glenda Dixon
w_f035ae2e-a6b5-401d-901c-dcb433d79625,Anna Solomon
w_fb3b96f0-2953-4a10-a9f4-75587509be2b,Celeste Filkins
w_19fef12e-6b76-4f1e-a930-344d8f857581,Kevin Mitchell
w_4d6a56fd-1d07-477f-b86a-2ced18e96076,Roger Doubet
w_a383c47c-dcd9-46c5-a637-6a6b9e165c9a,Jorge Winkler
w_a41f6720-2573-4b74-bc27-e8b03405a639,Timothy Jenkins
w_6876059a-dcaa-44ae-8083-6d1fa2a28209,Joseph Mason
w_d441ab29-fa14-4b6a-b27e-34d56274cf60,Thomas Britten
w_ad28a81d-d125-48a8-8f22-a5703287e8c9,Chang Mckee
w_b5ba6876-6fa1-4449-ba14-a7dbeddf2acc,John Malone
w_6c1b48f4-3879-4412-8962-6c184482be7b,Ernest Martin
w_87b91f43-c69e-4921-bfe0-742598d0e334,Claire Reed
w_ac5a26c1-1162-4882-aaf2-c1b5425bac07,Jose Recker
w_d477980f-7e92-482d-84db-1632c23d54c8,Carlos Oconnell
w_c562e6b7-c2f5-489f-9978-e1a35840547a,Ruth Gade
w_b6354b14-b91e-4cf3-bc3a-0ecce37dbc8d,Nancy Malbon
w_733cb1de-2aab-4b9d-bf45-5263ac5799b7,Kevin Pape
w_5df67e3f-dac7-4a19-b93a-2c2ab1018015,Maryann Coleman
w_411ee7f7-fd39-4397-9bfe-3827f12da7ff,Carol Schoemaker
w_14f49f34-2b3d-455b-a456-f59324a87aed,Jesse Ward
w_b5dafa12-e908-479c-bd1b-2ace9c3bceba,William Barger
w_e41cf69c-ae3a-4493-b044-2b46f3b8b74d,Jennifer Kinsley
w_09c3137b-5769-44bb-a6e1-9fbe279e6bed,Carla Galloway
w_a58c37ee-baed-4007-8034-ccffcef13b5f,Sandra Young
w_60b740b6-1f63-40a5-8b6b-e2db34fc8089,Mike Wilson
w_12304c83-b4ea-4c52-b41b-8b6d63b0684c,Ralph Frankel
w_91c48994-b036-4f38-9d5b-ffd7a2afe617,Timothy Ryder
w_65801f53-4db6-4b3f-8460-efd485fffbdb,Jeffery Demoss
w_9d7e3a35-6d54-480f-a3ec-961a68c346ad,Boyd Hayes
w_8dccebe9-7a50-4f42-9278-0b5fd8819db9,Alicia White
w_323a001a-ed6b-4721-a41e-f071e2c491b1,Grace Simmons
w_acb182c6-1637-4bbd-99e3-e17e7100280b,Aldo Diaz
w_2937f895-1cf8-4b5f-af0c-d78cd5cb89b4,Chester Alcorn
w_ac742126-fa9e-401f-8729-4a32e2545311,Claudia Vine
w_4aedf9cc-198d-4b41-b5a8-c3b036af3490,Mary Hutchens
w_b9b378a4-4a1b-4212-b999-fe1e6efd1953,Matthew Johnson
w_46cbf615-edf9-425c-8396-1e96651fb8c3,Gwendolyn Bland
w_68591376-e3c8-46ec-a517-c21453502207,Erik Allyn
w_dafc8198-465b-494c-8561-e928121006cb,Courtney Clevenger
w_952a0468-7418-4a63-a257-23f0d26b7e18,Lucille Conway
w_fb01335e-fe02-4902-ada4-2c19ba3d9b39,William Henscheid
w_fda97290-5da5-45ac-94e7-d02f951f8b49,Eugene Phillips
w_865c1136-a387-4011-8350-1840217d0cd8,Judy Espinoza
w_8f4775eb-858e-47a2-ab1d-fff95010cdd5,Lorraine Wilson
w_972693d7-5edb-4499-abcb-98861d5a72e8,Anthony Nagel
w_8db43e14-f24b-4062-87f1-d6b4d9e80b0b,Elizabeth Abbey
w_d4a8838a-d411-4bb2-8b42-887972143de9,Duane Garcia
w_949d15f5-3a82-43c7-a527-8fb06b628c55,Roger Williams
w_0baf1db1-50e1-4dc0-8fb9-56d16ed487ed,Myra Mccrary
w_b3883aa2-0111-45fe-a883-f739fd7e623f,Jeffrey Hagle
w_fc64a56e-9c85-4ab7-a082-a3507df9ee7c,Chad Henrick
w_e61eefe3-3642-4a27-b611-6edc115e8935,Ava Johnson
w_018e899e-f64b-41e3-9f44-c25d14cd8660,Vivian Britt
w_0e77494d-6062-4cdb-bfed-740e356f2f45,Carolyn Jones
w_10073012-ef9a-4112-bd31-13932f641ed8,Adam Brunet
w_677944b8-d7e3-4ae2-9af8-dc2ebe7578c4,William Taylor
w_c74d3f72-f593-44b8-a4f5-d82e78f42c38,Tommy Guzman
w_78a96343-631a-4fb3-accf-632b61bd1a55,Helen Rodriguez
w_95c18d5a-26ee-43ad-9032-c4ee35ada626,Tamekia Aguayo
w_94e457bc-d647-4a0c-82f1-eefb8f5e1da0,Darlene Belcher
w_17276913-e36d-48c0-a24f-f57066e74f3c,Caroline Bradley
w_1ebc2c82-4983-4f7d-a93a-bae8d1830079,James Jackson
w_23d189f7-08e2-4df9-9faf-ec5ba43b149b,Walter Weathers
w_4bd8a037-5242-44ce-8c3d-dc3c3c5a903b,Louise Barbera
w_ca73cef1-5ae6-4930-a1c9-e7e7ee251258,Allen Nelsen
w_82df65b0-a826-4fcd-b745-298c8e6c029e,Nicholas Bell
w_ee21d910-b1c7-4de5-8494-aaf0e6db1bed,Rachel Daley
w_cf854761-dc29-47ea-9512-eaf2781d8909,Ron Winter
w_c21514da-afbd-4da1-81d5-a587adb7bde6,Marilyn Platt
w_26b1cc1f-2a74-4a29-84ef-dd1426a99c48,Steven Dreyer
w_753903cc-b37b-441c-86da-6bd4a8150010,John Brooks
w_653b3a89-c5fa-466b-a477-f0c09a724cdd,Douglas Case
w_00020787-2ccf-492e-bae4-0d04a4d7ec8a,Michael Lewis
w_a11d80e1-7057-49fd-ace7-33413e5b48fe,Derek Stokes
w_1fd257f7-7d9c-499f-b1ec-f0699def814a,Georgia Lamb
w_0cb05b4e-47e3-4da7-a9b3-301369266394,Charles Mariscal
w_ad0b6ade-31ea-41ac-8957-a191ee90e526,Jean Bergquist
w_4f22369b-d19f-42c7-b882-796f6faf9008,Herman Valliant
w_72253659-fb22-4db0-8ec8-cf30c6e5729b,John Hewitt
w_dc13dec8-1881-43bb-a43d-342a41b22f9e,Alice Stringer
w_c9379caf-d27a-4d24-a3ff-b0a8f6557c45,Ruth Hughes
w_3c4db76e-2d8e-4740-9873-a2d23a01c8cf,John Sulik
w_94789403-6aa1-4e58-9af2-dded617aec9a,Steven Gonzales
w_ea5943b3-ece8-4afb-b6ae-2963777496d4,Charles Garrett
w_c9d5a828-8bc0-4b2c-8286-7418e17256d6,Molly Brooks
w_f0ef7b3d-c9d2-45e9-8777-cca722c7675c,Margaret Jenkins
w_5d9a9efd-9273-4e23-a555-d94e43d8ca7f,Steven Miller
w_4e337188-ef6f-4810-9b92-46639e82b06f,Monica Rapa
w_6002bdb8-f0dc-4947-8cb6-c62464807b04,Courtney Morgan
w_bc4dc0be-c364-42f5-8758-344d0936c36c,William Win
w_8ce42c06-543e-40f8-bd16-b30614c712cc,Helen Seeley
w_ab772bb3-e204-49ff-9593-b5fa01945f3b,Hiram Bright
w_88df481d-a9d4-4013-8111-49c737b66299,Elaine Evans
w_fc22f0c5-a130-4090-8502-197f0baba445,Malika Finley
w_b6cd7365-4eb2-46dc-9f9a-2d99b6098854,Donna Walker
w_98091be7-4842-4f4f-817c-6da71837b73f,Carol Young
w_34126a92-d5f0-460d-a9a1-d7fb682a6c38,Stephen Kowalchuk
w_f264a632-b776-4fe7-9e7f-14fa5e6de381,John Aronson
w_8f01e9ce-2cc5-4b0a-bf79-2acae8120305,Lori Barnhart
w_e099914d-2110-4fa8-b6af-403fe7d58f06,Michael Bustillos
w_86917a2b-1ce7-4212-bbd5-775f01c60232,Frances Nelson
w_963d31ef-67a4-4cc3-8686-72f8731df4b6,Michelle Cundiff
w_844a8148-4a03-416b-a557-4cc790b2e9e3,Helen Colvin
w_496a2239-34a5-4fb0-a0f3-60f844ed124b,Carol Rackley
w_61e12db2-0c45-4121-b541-368c0d84afb1,Joan Texeira
w_0d0e3bd8-7651-4138-986d-9f920022c654,Theodore Garand
w_ee0c913c-459a-431d-b01e-d92971cb3094,Stephen Motley
w_e086ae44-0cc4-45be-9627-bed1608a13b1,Camille Allen
w_8d20cb3d-09aa-4e7f-ad6a-2d0b8e5a43a8,Gary Cox
w_0a13a0de-8759-4adb-9955-c8aec755ae15,Brian Temple
w_11122180-11ce-4f19-a2ae-a4d76066a915,Elliot Coleman
w_ce76f712-e909-4fc3-aacd-f99ed9482fbb,Brenda Taylor
w_c7a9168f-3afa-4180-bc28-9364d2b4a620,Amy Cross
w_454ae8fa-9e50-4b6f-8c95-359adcc952f4,Stanley Neal
w_85dfb8ab-d348-4c73-9c82-f426a5230461,Donald Dray
w_defe5b01-796c-4866-89c0-d8203c3d3204,Sasha Hebner
w_62aff065-2e41-4d62-a64e-a6c5783ef77a,Randall Clark
w_80fcc3b6-f3b3-4c19-8ef4-75d2d98c418a,Charles Walling
w_24646c80-4bab-4300-80d0-58cbb80ab84a,Velma Davis
w_367c82dd-8a2f-42d8-8aff-c5b010aa8a05,Darcy Ross
w_1a2d5902-6844-4854-b477-b74ebdea3c85,Steve Robinson
w_7dbe9ea3-c07e-4f83-beae-dcb9b61155cb,Maudie Pena
w_d4707fc0-afe5-49e6-b007-1d910369573e,Arnulfo Fusco
w_a8dd01b6-f9ed-4025-bf2e-cecd49f851b7,Aaron Sammons
w_d9ed1f85-0703-4e48-8972-dc294a368594,William Summer
w_88177861-33fb-4d4f-8ef8-a6587506fa74,Kenneth Facteau
w_176054ce-f19a-49b2-b84b-9900a9ca9bd3,Larry Ballard
w_fb1dc337-9daa-4940-a2ee-55db7ad1619b,Howard Gibbons
w_d4cd23af-8896-482d-9564-dfa0a1ba28a2,Angel Kern
w_abca15c1-85d1-4641-9ac1-615b50da6767,Nicholas Russell
w_37ddabd5-95d9-486a-830b-060028f032f9,Jimmy Hertler
w_75a5da5d-aa65-469d-959a-c9639b63fdd0,Charles Westfall
w_2a296193-be83-486a-bdba-a9e938c3e61a,Ronald Finan
w_d35b313d-8876-48a7-a915-58007c0f0ee9,Gary Alvarado
w_8d1c5d10-b986-42c7-8f86-cb1c0453ac65,Andrew Cook
w_55696b40-b93b-4073-a285-4ae3e7dd2773,Thomas Counts
w_ff59e406-e6df-458b-a609-d8515eb511ef,Teresa Thomas
w_d54e6092-4441-4d54-9b4f-c7a84c6ff34c,Dorthy Parham
w_e8628351-f854-493c-b362-01974851a115,Steven Sapp
w_b9b1e708-3cf1-4795-bc03-3f3d44fe691b,Jessica Abrams
w_a9077b4c-63a9-4f05-a38f-753cab8c6cad,Shannon Crooks
w_72bddf33-3cf4-4490-9a4c-656f337018ae,Johnny Burnett
w_713fc6a6-dc0d-4fc6-9dd3-8316d107eac2,Gerald Taylor
w_fab3cfe6-0f7e-46b0-835f-9d5d8c53fc8c,Sharon Gammon
w_522b07cf-cd07-4744-884d-7588ff696ee6,Boyd Burns
w_daaaca5d-2e96-4975-a873-5122d6a07620,Laurie Davis
w_23eb0586-f78c-48b7-b60a-219a0dba0adb,Betty Bilbo
w_cfd37697-b588-4d55-8123-797df2b3b5f9,Christopher Arbuckle
w_0248a761-cca0-42b4-89e3-6c3940f4c767,Mercedes Shaw
w_49fb706d-fb94-41d8-9032-e32886bc65a5,Corine Damm
w_c378c858-237b-4e9b-9e9d-3263349a1ec5,Jimmy Groth
w_72007326-d02e-449f-9407-83a8f2c85d2c,Winston Monroe
w_484664c4-45fe-49ae-a214-b0183f0e26a2,Richard Evangelista
w_4a274170-d84f-4b79-ac81-9c4cc78930bb,Steven Lenk
w_c81e3ba0-3c14-40f5-8186-2b5587f43dd9,Humberto Dumar
w_244e81a1-ebba-4229-9d0b-7b0bc321d57b,Mark Figueroa
w_a7a73348-c8cf-4637-89c5-84412858a8af,Robert Thomson
w_e757de8e-2e1c-46e0-b37d-55f4641008d9,Mary Rivers
w_3ae62959-0d4d-4b96-a72e-fc9c7d16e16f,Mark Rodriguez
w_1c3b215e-0e6a-4606-b129-dae32f18c84f,Winona Spragg
w_f9acfd8b-ca35-493e-acd8-42bc31674588,Carissa Fitzhugh
w_e9afc234-3faf-4de2-ad0a-ede557db228c,Richard Gregory
w_4832257d-af3c-40a0-897a-125b596d69cd,Francisco Adams
w_cf92db64-b66c-4a6a-9fea-d47f633a89b0,Joyce Synder
w_694b46d4-7f0b-42e8-bf1e-f01ee43664b7,Paula Smith
w_a7b31253-883b-41cd-aa2c-8305068f0ba7,Eddie Rosario
w_d9ac0c7a-18bb-4cfd-b218-96726ef99752,David Murphy
w_0c163c8d-b59c-4291-b3fc-1ce8e1a1b439,Richard Moore
w_0d8f3cd6-d27c-4fab-8064-5421c38394b8,Harley Campos
w_7ba73e10-60e1-4c12-8703-bab0abf95084,John Mcneill
w_600f7753-fc4d-482d-8a34-41c96cade112,Robert Adams
w_5539579e-476c-4651-8dd2-446eb0bb1b78,Robert Faires
w_646480a2-3ec8-4c11-afc6-0e7814ffe4e4,Nita Watkins
w_4109bea5-8128-45ea-8b65-0f24e69e5844,Louise Welsh
w_b61a5b52-f24d-4fb0-a7da-2cc81eee522c,Terri Maddrey
w_4af7a20a-a017-4356-9db4-d6cc3d5eeae0,Paul Gerber
w_dc07f41e-0ac5-4533-8228-307fae340292,Dan West
w_299e10dc-a027-487e-97d0-d5e244dd6b40,Donnell Darby
w_f21b1aec-bcf4-4e66-b88e-a231c899b13d,Kevin Appleby
w_f1649db9-5299-4f39-ba2a-5e7a1e78e53e,Alexander Fedele
w_640a7b1a-d6ce-4e34-aa71-6d6191941a3a,Sandra Conkel
w_a8d5af0e-8a36-4356-9273-0ed6f4c56c2f,Andrew Jackson
w_86ddc99c-17a2-42a1-a628-d28c4245b380,Fernando Decker
w_92002f5b-d51d-4c65-8d82-977f59292a28,Patrick Calderon
w_6d9b7523-0137-42c6-be35-5253b0c38b0c,Brandon Baldwin
w_04164728-b167-44ba-a7d3-908c32bff02e,Jonathan Atchison
w_41912f93-324d-4352-bd98-0256aa8765c6,Laura Speegle
w_581b477e-186a-45cb-a36b-7b2027f7d79f,Patricia Woods
w_f519fb64-5a40-4343-8b0f-a1d87924294b,Mary Tellez
w_5ade08c2-458b-47a3-b90c-20c9d8babca4,Steven Telford
w_f186a040-5cbb-43f6-b7f2-d9f0067806ce,Billie Hamm
w_aab97eef-a107-404f-819f-e504de5f0513,Paul Livings
w_dc94c630-48e8-43da-bd4b-9695bc679596,Anita Parker
w_f96546df-9806-44b8-817f-1164b477f5bf,Nita Moss
w_af325090-fec3-46e2-9ac0-dc91f661e185,Matt Smith
w_437a0a92-3de1-45a9-9db3-392d3f36895e,John Strout
w_95610512-2c5b-4fe2-b558-3f22129b2205,Barbara Kelly
w_0c100d03-a3d1-4943-99d5-53150800923d,Michael Dunneback
w_1ab6baf9-ad10-47b5-bf0f-f43ff9fc8bc9,Janna Richardson
w_e45d8ded-09df-4ccc-b28a-2ee1f801341b,Tyron Mosley
w_051a100d-388f-4f10-892c-d088b37a67ff,Lydia Hill
w_df30c763-8008-45c4-b6e5-cadf5803e621,Mark Gray
w_46c17e47-9b03-482a-9d91-eeabb5eb1b84,Eleanor Williamson
w_4fdb7cad-b4fa-4073-9b4a-53cf9869206e,David Waddell
w_959ff64c-d39b-48c5-be35-17be090efb7d,Joseph Baldwin
w_d3a034bd-9731-4727-a7fe-1adf562ad3a9,Megan Howell
w_3898999d-649f-461e-9b90-f15eaa0b3550,Norman London
w_e1a9654f-4807-4cdf-beef-441e084a3588,Florence Richard
w_aced4486-36f3-4c17-9f63-65f7cee1b555,Antonio Alves
w_9c14769b-0fba-4811-b6b1-319b92cd34ee,Damon Bradley
w_4dba5802-acc8-4ff1-bfb6-f4afb4d1a610,Oleta Walters
w_ae3abcc1-ca04-441c-83d2-47ed325ad5dd,Florence Houpe
w_5cb82b9b-6708-4db9-82c5-b05c4cff8d4c,Juan Shaw
w_29bdb817-d761-43a1-9777-20635acf499a,Janice Wohlenhaus
w_34061454-1014-4812-9e29-843dc4b63ec2,Brandon Jensen
w_dbca87ef-dddc-4b5a-bcd4-0ed2ade1e60d,Shirley Millington
w_ac262a7e-914b-498c-a895-a2be01c0c33c,James Oliver
w_4f2cea7f-357d-4e83-ba4c-0571615098b7,Angela Hicks
w_0d10ba2b-307b-45a8-ae82-23d95506d672,Andrea Gordon
w_5199eec0-1482-4ce3-8bc8-072f776c7c78,Timothy Fortin
w_211ea884-1fe3-4b02-9eea-5beb1075b89d,Byron Boll
w_c1732037-189c-47a3-8ecd-58f4fd3d15f1,Jonathan Vigil
w_db30423f-6673-4ec0-9392-99e62295e5b2,Stephen Carter
w_68d683db-dea4-4729-b563-bc1f99b5e877,Katie Houge
w_e7125007-3ff7-4cb5-bb45-d4706875d22d,Simon Branner
w_eaad5347-a1ed-41d7-a843-ac271a123aa6,Gordon Coleman
w_2589f022-bf97-46fe-9f4c-b2ad2ed840b4,Judy Tsai
w_a7a951ee-761c-4ced-a126-c9ff91867b11,Phyllis Delara
w_c40385d9-c523-4be4-9ee3-bdfbf0f15a6a,Warren Cirillo
w_1b9e9acf-9804-4573-91a4-4686cbbc8661,Ryan Johnson
w_1604a020-f882-43a2-9288-88268fd54885,Christopher Coppedge
w_e1662cf2-70e1-4ee3-b9fe-9524fd20b595,Fredrick Franklin
w_ed7adcef-90cf-4196-9689-ad0fbc5b8218,Joan Rios
w_5f8595a8-630d-4d84-ac26-ddb831293e80,Terrance Houston
w_6f13f0c6-5b1c-415c-9b7d-0dc9e0b68745,Christina Rasmussen
w_d7742307-bb53-469a-a190-bbba402d8c18,Angela Bennett
w_90327b9d-3190-4ad6-a886-2ee919597a82,Katrina Clark
w_09e606bc-e939-47c4-991a-5ca52954ae07,Kathryn Banks
w_d0002aa5-e9b0-4e6a-995e-026b17ed98fa,Lora Bertrand
w_a3517c0a-f194-4d73-8f35-555688268f7e,Nathan Rodney
w_ad84fb4e-5229-4c19-91e7-5e5cf8d3f20c,Alan Brown
w_5c3e78fb-ac83-4def-ad7b-a0c3c1013a04,Danny Donnell
w_209427d4-76da-48d2-8bd1-83d8d60c3b53,Benjamin Parkhill
w_d69e7b75-1ad7-45ea-9dcb-637d859b0b94,James Kelley
w_9ca6fd20-560c-4cec-b99f-9d349f868987,John Neese
w_43aa10b2-8c7e-44b8-8634-fcc4d9961318,Martin Ludlam
w_7e065263-6eb9-47f5-9faa-55000d996b13,Millard Calkins
w_a55992c0-5a2a-46df-9ee3-44dd634e7012,Andre Barraza
w_50f12ba0-8474-4b7c-932c-cd3c709c57fa,Joe Dilworth
w_937fed87-ea32-44fe-99b1-ae23786c3a63,Bill Rhead
w_825ef9e2-7ca8-4480-8260-dd1d01a534ca,Vivian Maresco
w_a70c1b16-d8ed-4b25-99db-9ae04b0d91b6,Rita Clevenger
w_38aec61c-562f-4412-bbff-05a4d0f43992,Adrianne Jones
w_f2631932-f975-4de4-ab9b-fdbaa76ef0bd,Vance Leslie
w_c046eb57-9546-42af-90a5-42737885f9c9,Raymond Alexander
w_608f31ae-605f-45a7-873d-957379f2e4f0,James Walls
w_ccabe1f3-45c3-49d1-b32f-4c297eda4521,Ann Cooper
w_deb19768-ac08-4a36-96ee-cf777683d29c,John Kimpel
w_78a14ea2-b16a-4cec-94b0-bfdfa33a6cd4,Blanca Gustafson
w_a043631f-ab4a-47de-bacf-3a381d37791a,Jason Goldman
w_9004c07b-62b3-4b02-9a3a-5a629a199385,Audrey Williams
w_5573a957-afdf-4254-b239-87a1a0e7bde6,Elizabeth Whitty
w_93a32820-167f-4bcb-9feb-e26763ef3928,Jennifer Blodgett
w_b7e66401-f49f-4cf0-a2c7-b46a3ecbcc62,Vance Hanauer
w_942789ad-c5f8-4b23-aa7f-e1bd4fd905f1,Frances Burns
w_b3be07e6-429b-4cd4-80a8-993ca321861d,Robert Nova
w_71942070-439b-423d-ae0b-c72b10ec7ea5,Laura Jensen
w_1426728e-7174-47d9-bf58-f7baebbfb6bc,Greg Spruill
w_498b3e55-5c34-4d53-bc41-739756a4645f,Rodney Clegg
w_1f3c74c0-c7d8-4440-8b6b-8e9c3ee3200f,Calvin Halladay
w_c4716d03-a876-47e9-b03f-075498567f6c,Julio Clos
w_76f4b231-5c55-426c-813f-b981fd45ae4e,Evelyn Mccormick
w_86f3ba5a-e222-46bf-bcdb-ca8b807aaabb,Karla Slone
w_16a5245f-f148-43b5-a50b-c98626e434e2,Ronald Higgins
w_62a3ef2d-7d36-4e75-bcfc-d46295ecbee9,Greg Ritter
w_eb5ca7e7-197b-4128-9cdd-17b8d7d07803,Efren Selva
w_573c0d30-0ead-4234-b602-7b09e0154a37,Katherine Mckeown
w_1d62ee6a-638d-4dfb-8245-1bf1221e9824,Wayne Roye
w_0d6b1f68-8d0f-46f3-8cab-2d6f9b3c12b8,Ricky Mawyer
w_45e30bcf-c7fd-4481-8e90-a3421c360589,Kelvin Levy
w_e652f01c-7eb3-42e3-9cff-5cc170578e44,Claude Coney
w_1ab36024-a889-4f7d-a6d4-9c9353164c32,Travis Standifer
w_a3fe39be-b5f2-4c6e-b872-6f952247ffde,Carlos Way
w_e55b0c9a-3894-4a96-a7cf-5b059e9c77c3,Pauline Butler
w_348a1d03-baed-4969-a532-191af541be3a,Verda Alvarado
w_10538f1d-fdc2-45e6-9602-b3be8b6ad1dd,David Bush
w_9e4e450b-fa2f-4be0-ba3b-c35c27126a75,Marsha Harris
w_d1f759e8-c956-442f-8018-bc447ffb03ea,Melissa Newbold
w_d975f85d-558e-44dd-97ba-f8cccc30f626,Richard Jacobson
w_9cee1f1f-4660-4ce9-b6f9-92ef87ddd0f8,Silvia Viviano
w_08922220-330a-416d-9215-5493c82dc352,Lester Hazen
w_1990545f-1b78-47ed-935b-d2cabc1ec69c,Kevin Robinson
w_83ec521b-ac28-426f-93df-06df1b9db4cf,Matthew Wang
w_c47dd8ed-cbaf-422c-b1b4-f08946a08872,Sachiko Ridge
w_b0470535-727d-4e21-8f39-1e4155ee31a9,Ralph Hogan
w_2a352156-e647-4381-a482-0f1c37979207,Audrey Torres
w_2206b0ae-c82f-418c-b173-02614da993b1,Donna Castleberry
w_130d1685-8006-46e2-9fc8-8157bc66dc38,Joe Anderson
w_470de5a9-13db-41ad-b516-520132b65470,Tracy Seyer
w_668bfcfd-40a1-447e-9b04-a17697606414,Mary Ashpole
w_60f6ba56-bc4b-4ff4-b3b2-04c8efa6fbb5,Brandon Zwiebel
w_b63d84fe-3c7f-482d-ad2a-c8762e616859,Curtis Jones
w_c7dd74c9-0515-4bdc-97f0-a0dc491c1a4e,Lorraine Tardif
w_228319c5-8f69-473a-a40a-131c0772d0d6,Mark Rose
w_4add015a-0ae1-4112-a840-9d8114aabfc5,John Jones
w_188019d0-da7b-499c-85a3-fd21a0147cd8,Terrance Regalado
w_ec9e6fa8-23a3-4200-8fa7-c4974c8e08e5,Katharine Stuer
w_02ef3108-a644-4ea2-a5c5-1f899d475737,Eddie Rybowiak
w_82946e1b-4f1e-4b4e-a11d-49d8ea03eb32,John Mello
w_e8166b58-73a3-4231-b10a-e8a722b63e9c,Ruth Stratton
w_92b4baec-860d-4139-bfb5-f5d1bfca20b8,August Garneau
w_5050c90e-1470-4c4d-8394-f6380a40059f,Misty Cohen
w_0a68277d-351b-4c08-a781-a839ae3d492a,Kenneth Pingrey
w_4ae3e951-e7de-4740-8037-2c8debe5222c,Harry Santana
w_7e447ee8-425b-4c49-a05e-e48ecc5d1df0,Lucie Perkins
w_cf23e2b0-be1d-4ce5-be93-bed6c223aa38,Douglas Clark
w_c12a7b3c-22cd-47d7-a81e-912027f560e8,Sergio Giles
w_dd78c1f0-51ae-4cd0-841e-9dfd2ddd6020,Douglas Tuenge
w_e67472ee-20e5-44a0-bc77-abd871aacfe3,Vivian Rodriguez
w_523e121a-c18b-4783-9b3e-f11916a835dd,Linda Poucher
w_746fa71e-d08c-4a3e-8455-c4862c6af0ff,Robert Anderson
w_1e6e84f6-dc3b-400c-a1bf-79212717bf5b,David Erekson
w_13f9bd34-ddd5-4dff-94d0-f02557bbf592,Robert Woodlin
w_cf0ff121-da11-4b5c-b191-4d895ce97512,Christopher Greer
w_d6c7af8a-cfeb-4f91-96b6-a03658220e3f,Dorothy Perry
w_a5cf1a3b-e866-42cc-8d30-999bb863272f,Jeremy Hinchee
w_58a00353-e5dd-4c4b-b4ba-1ce211f34de9,Timothy Tyree
w_3ea8791e-739e-47c4-8944-06234a248fab,Christopher Smith
w_048e6ffc-c89b-42b4-8f89-bce7491b035d,Linda Mccollum
w_4e10c6ae-8286-416e-8ca6-4cc2cbc85c67,Shannon Ono
w_b374f4b5-9713-43f4-a82b-d45192171312,Karen Johnson
w_f80fd628-2135-4817-9c5f-d1301fcc1a8f,Rebecca Smallidge
w_ebdfb38f-78d1-4d7c-bb24-54e5729d4ff0,David Engel
w_37a08485-4b87-46de-968e-b4fb8603c658,Gary Tingley
w_4fc7534a-bebf-4ce6-9497-0b40302847ea,Helen Miller
w_f30193a3-90e4-4750-9fec-72c9472bf5ed,Lillian Murff
w_cc05acbc-46af-4171-a894-afa37fcc6a08,Jimmy Duffy
w_8a3230ee-eda4-408d-9487-904c831bd224,Michael Edwards
w_2ba083ef-0e24-4b34-82c2-0bb7e4a3dcef,William Craddock
w_66bb022c-831d-458d-8b8d-00a85813759c,Regina Breunig
w_7fbe52a6-244b-4c4d-9d36-9b628df33e8c,Michael Revis
w_0378cea1-572e-411e-88b3-10496e846248,Sharon Blevins
w_b37742d9-7eae-4d34-8805-6e8fb892a076,Marvin Lawson
w_8faa74a7-9685-4fed-87bf-a46f43059120,David Smith
w_28d8e7af-6590-4d66-a84b-8cab86284755,Rachel Jimenez
w_7bb7293f-10eb-49c4-8ce5-a12420612c72,James Quaranto
w_236870bc-f385-463b-a717-3819233ad52d,Margaret Yazzie
w_10a80ae7-f569-430f-b2cc-5b86011409a3,Bonnie Wise
w_82eaec0a-e3b1-4346-a093-b39ab1d6de74,James James
w_1e1b088c-fae0-4959-b047-31f556cb52e0,Debra Boden
w_d334207c-bf00-4d8d-a48e-bef311cc5596,Suzanne Eldridge
w_fa4d555e-016a-43c2-8f09-d32596eebebe,Mary Johnston
w_3ed303fe-8856-4447-a14e-630cf5668674,Pamela Henson
w_d5213d16-8ea1-421d-8ddc-35d377944891,Tory Fountain
w_5ca5535b-c78a-4d9e-9682-96152dd429ad,Mary Shellhamer
w_e3d917da-c659-4b79-8c0e-fcd3754a7054,Richard Vandyke
w_cad585c2-d55e-434f-8a2e-a4f69b4eeaea,Matthew Denham
w_f5529844-bd2b-4852-bdd5-4471df25c5c0,Karen Oshaughnessy
w_793b8c59-faca-4195-abf0-ee4aa8bc27cb,Robert Peterson
w_afe094d6-a6e1-4da5-a04a-83a645da8cf8,Peter Howard
w_f1a58186-3979-44a6-9312-f3523cab2351,Michael Crawford
w_70b2915e-acfd-40e1-b26d-62f153850576,Cynthia Scheidecker
w_ea058d24-9144-4a11-8b03-4ab0dae69d58,Fred Gonzalez
w_5db9ee9d-7d89-45dd-a5dc-18969f122b97,Michael Koons
w_76e31c80-2f01-48e8-884c-05dadf973f85,Pauline Cervantes
w_785d0d25-e3d2-4895-947d-a457ac172176,Patricia Rinaldi
w_76797ea1-0e6c-4dc2-9c61-c4c74f5da22c,Mauricio Roberts
w_95899031-142d-4fe0-b231-736c97e75f6d,Kristin Goldberg
w_f48122b9-e6df-4aa3-ba1c-60629e640885,Edward Moody
w_6d2f0d33-5f58-49c6-88c4-31f9020e8e46,Robert Braden
w_41205c23-11ec-48a6-a10d-67594d9a2e5d,Jefferson Beanblossom
w_8e75ceec-eb9a-4440-ae5e-9068148ab3eb,Kenneth Flannigan
w_6d99c0ae-862f-4226-96f2-fe443fe19620,Randall Leib
w_2c1d1a49-1d18-402a-83f3-b973d3aad89d,Ernest Beauchamp
w_3fc9b005-c583-4546-b0e5-586f32159cb2,Larry Gorby
w_4c15c37b-5d8c-411c-b64c-bdaa869b9430,Donald Crabtree
w_eda5674f-6916-4dc2-8129-4348cfb127fa,Harry Kridel
w_4d434661-6008-4c3e-a914-0bdb1565e654,Randy Bica
w_ca7cb656-06a5-498a-a00f-ceb2cd15cf97,John Beavers
w_30bdafb0-3571-46e1-aedb-8b68cb3a97fb,Jeff Cook
w_0da1e9f5-2f4d-4636-a964-3d1ab8f61a48,Daniela Pergande
w_9eb61e11-8f19-4ef2-8822-9af28ca3d31c,David Copeland
w_cfecb8e9-7160-466a-b281-4f62652e5e99,Randall Stalzer
w_0859e2b7-1310-4193-981a-86cfe3512e74,Melvin Knighton
w_5959f088-3f09-4685-8a92-b2b8bbf38bf6,Michael Erickson
w_75e89751-b4a5-4d51-8a55-10832860439a,James Sun
w_52d74501-5f91-4ec7-abd0-f8177ccfc5c9,Stephanie Kozel
w_d4d36b82-201b-4b5c-b30a-062ec384861a,Paul Myers
w_010ff3f2-78e3-41fa-95e2-5443dcc2aacd,Marjorie Hall
w_6a631ecd-1329-43d3-8d9d-8410795b4d6c,Dawn Provost
w_f8bab081-498a-4651-8c46-906f3f72799b,William Irwin
w_613b9a90-1681-4e23-81db-1f7dbe321030,Joyce Frankhouser
w_5c66c1bd-31c9-4be0-893a-2d9a2f54a4b5,Theo Stoneham
w_aa58243a-e3b0-4de4-9f41-8c4d9ee3b761,Barbara Martin
w_d45ce7e5-6d3f-4129-a17c-1837d8a06406,Corey Ota
w_d962a466-7615-4719-9f3c-137efbfb8265,William Pockrus
w_5d5eefaa-8f4f-4dbf-a347-6239bd32416f,Shannon Holmes
w_ed674fa2-154f-4e27-baa4-17ea6abaf870,Desiree Russo
w_7834bcae-588f-4567-9182-0bbbf67e8ce1,Robert Fallenstein
w_7750aed9-7ed8-48be-85f0-3358fd7c7fa9,Benjamin Jones
w_99dc19f8-d419-4f93-b3a5-7593a81abb1f,Fannie Mayo
w_be2c8e5b-0e69-4bca-ae24-a397a1cd5d96,Bruce Leggett
w_bf504570-51d1-461c-a4e3-296bf25ef64c,Joseph Hornback
w_981f16a7-f78c-4d1a-b868-983412d70227,Charles Lynum
w_806882e3-c18c-4906-8e82-4b1918780ec7,Jerry Petersen
w_6203ba62-652a-4975-baf3-4b1dc18f67de,Gillian Hines
w_cb8e10f0-586b-4330-80de-326c3faf4588,Sally Long
w_474b718b-47f7-4d4b-8e58-5fa5600436e1,Emerson Rasor
w_4d5415c8-f6ae-4423-a9ce-6c970ef8a5fc,Alma Force
w_5099e73f-7f21-4829-a8db-4adf747320bf,Arthur Skinner
w_8ba177a1-1658-4196-9d54-4f6cd790f346,Anna Chase
w_fdfc2986-f7d5-45b1-8ce9-d0a68b8ae16e,Felix Guild
w_0fad1711-5bff-4cc8-b0da-fbd046d62bc7,Doris Bryan
w_fb00e403-0b78-4447-b8be-bf271d2850ed,Shirly Kelly
w_f9b826e1-71c9-4916-9fea-c3db25760eba,Phillip Goodnight
w_e5b4e572-54b7-443c-92b8-5cfdef410fcf,William Hunter
w_10be3a5b-3861-4e58-92ad-72c9917e4a3c,James Lashley
w_dd424a06-52c8-4671-affa-ce7ef4b37e0c,Sylvester Gonzalez
w_b69a6d1e-71b4-4287-a884-26a91256b601,Christopher Eld
w_d622659d-40f6-40af-a87a-499854889b89,Bob Coon
w_199e215c-3bd7-45db-b7b5-9e8e7a32febf,Jerry Kirschman
w_e4023ed9-4122-41b0-a44b-8ef9175656ba,Roger Rittenhouse
w_c14ade67-234b-49b9-be9b-e09734c1ef28,Mark Mimaki
w_ec71228d-f109-4ae4-b0cb-527f11bb4281,Ruth Cincotta
